id;title;description;due_date;is_complete;is_public
1;whoever sweetly proliferate;../fake-data/blob/hipster.txt;2026-05-10T00:56:54;true;false
2;qua;../fake-data/blob/hipster.txt;2026-05-10T06:45:56;true;false
3;esteemed;../fake-data/blob/hipster.txt;2026-05-10T02:14:11;true;false
4;quarrelsomely compassionate by;../fake-data/blob/hipster.txt;2026-05-09T20:31:15;false;true
5;over;../fake-data/blob/hipster.txt;2026-05-09T16:42:10;false;true
6;internalize soon shirk;../fake-data/blob/hipster.txt;2026-05-10T01:00:23;false;true
7;come um;../fake-data/blob/hipster.txt;2026-05-09T16:02:44;false;false
8;drat ack energetically;../fake-data/blob/hipster.txt;2026-05-09T18:08:44;false;false
9;whose uselessly;../fake-data/blob/hipster.txt;2026-05-09T21:55:23;true;true
10;abseil thorny vacation;../fake-data/blob/hipster.txt;2026-05-10T01:31:01;false;true
